shrimp,almonds,avocado,vegetables mix,green grapes,whole weat flour,yams,cottage cheese,energy drink,tomato juice,low fat yogurt,green tea,honey,salad,mineral water,salmon,antioxydant juice,frozen smoothie,spinach,olive oil
burgers,meatballs,eggs,,,,,,,,,,,,,,,,,
mineral water,milk,energy bar,whole wheat rice,green tea,,,,,,,,,,,,,,,
turkey,burgers,mineral water,eggs,cooking oil,,,,,,,,,,,,,,,
shrimp,chocolate,chicken,honey,oil,cooking oil,low fat yogurt,,,,,,,,,,,,,
turkey,fresh tuna,tomatoes,spaghetti,mineral water,black tea,salmon,eggs,chicken,extra dark chocolate,,,,,,,,,,
meatballs,milk,honey,french fries,protein bar,,,,,,,,,,,,,,,
red wine,shrimp,pasta,pepper,eggs,chocolate,shampoo,,,,,,,,,,,,,
burgers,grated cheese,shrimp,pasta,avocado,honey,white wine,toothpaste,,,,,,,,,,,,
parmesan cheese,spaghetti,soup,avocado,milk,fresh bread,,,,,,,,,,,,,,
ground beef,spaghetti,mineral water,milk,energy bar,black tea,salmon,frozen smoothie,escalope,,,,,,,,,,,
fresh tuna,frozen vegetables,spaghetti,mineral water,honey,whole wheat rice,frozen smoothie,escalope,,,,,,,,,,,,
soup,avocado,french fries,hot dogs,brownies,body spray,pancakes,green tea,,,,,,,,,,,,
turkey,fresh tuna,frozen vegetables,tomatoes,ground beef,spaghetti,mineral water,chocolate,soup,milk,olive oil,,,,,,,,,
burgers,herb & pepper,shrimp,pasta,spaghetti,mineral water,meatballs,olive oil,energy bar,french wine,eggs,salt,,,,,,,,
turkey,burgers,ground beef,chocolate,soup,almonds,eggs,hot dogs,cottage cheese,,,,,,,,,,,
shrimp,pasta,mineral water,soup,avocado,milk,olive oil,green grapes,eggs,bug spray,,,,,,,,,,
burgers,tomatoes,mineral water,soup,milk,almonds,eggs,chocolate,tomato juice,,,,,,,,,,,
burgers,shrimp,pasta,frozen vegetables,spaghetti,mineral water,milk,eggs,chocolate,french fries,pancakes,low fat yogurt,,,,,,,,
frozen vegetables,tomatoes,pepper,spaghetti,mineral water,pancakes,chicken,chili,tea,french fries,tomato juice,fresh bread,,,,,,,,
red wine,spaghetti,mineral water,soup,milk,eggs,cake,gums,cooking oil,chocolate,frozen smoothie,,,,,,,,,
chocolate,tomatoes,spaghetti,mineral water,avocado,milk,olive oil,eggs,rice,french fries,brownies,,,,,,,,,
yams,mineral water,soup,milk,pancakes,whole wheat rice,barbecue sauce,carrots,chocolate,champagne,,,,,,,,,,
turkey,herb & pepper,ground beef,soup,avocado,milk,black tea,eggs,barbecue sauce,carrots,cookies,tomato juice,fresh bread,,,,,,,
whole wheat pasta,ground beef,spaghetti,soup,meatballs,chicken,blueberries,cooking oil,champagne,yogurt cake,protein bar,,,,,,,,,
whole wheat pasta,ground beef,spaghetti,yams,mineral water,soup,chutney,cereals,energy drink,protein bar,,,,,,,,,,
fresh tuna,shrimp,pasta,mineral water,olive oil,eggs,cake,brownies,tomato juice,,,,,,,,,,,
pepper,chocolate,olive oil,french wine,salmon,rice,light mayo,fresh bread,magazines,,,,,,,,,,,
burgers,fresh tuna,red wine,mineral water,french fries,hand protein bar,low fat yogurt,,,,,,,,,,,,,
herb & pepper,spaghetti,mineral water,spinach,eggs,oil,cooking oil,green tea,shampoo,tomato juice,low fat yogurt,,,,,,,,,
turkey,burgers,dessert wine,ground beef,soup,salmon,eggs,gums,tomato juice,candy bars,,,,,,,,,,
burgers,turkey,herb & pepper,ground beef,pancakes,eggs,light cream,rice,champagne,fresh bread,,,,,,,,,,
ground beef,chicken,cider,green grapes,honey,chocolate,french fries,champagne,frozen smoothie,escalope,,,,,,,,,,
turkey,frozen vegetables,tomatoes,soup,butter,french wine,pancakes,eggs,tomato juice,fresh bread,green tea,,,,,,,,,
burgers,ham,spaghetti,mineral water,milk,eggs,french fries,escalope,pancakes,low fat yogurt,,,,,,,,,,
shrimp,frozen vegetables,tomato sauce,mineral water,chocolate,soup,olive oil,salmon,green beans,champagne,,,,,,,,,,
ham,herb & pepper,tomato sauce,mineral water,green grapes,eggs,gums,light cream,oil,green tea,mint,,,,,,,,,
red wine,mineral water,oil,ketchup,chili,pet food,eggplant,green tea,escalope,tomato juice,low fat yogurt,,,,,,,,,
shrimp,frozen vegetables,parmesan cheese,spaghetti,salmon,carrots,frozen smoothie,pasta,mashed potato,shallot,light mayo,magazines,,,,,,,,
turkey,fresh tuna,mineral water,milk,eggs,cake,burger sauce,chicken,french fries,frozen smoothie,fresh bread,,,,,,,,,
herb & pepper,ground beef,spaghetti,mineral water,chocolate,black tea,french wine,pancakes,rice,green tea,toothpaste,,,,,,,,,
ham,herb & pepper,frozen vegetables,tomatoes,spaghetti,olive oil,black tea,vegetables mix,cooking oil,green tea,frozen smoothie,mint,,,,,,,,
shrimp,spaghetti,yams,mineral water,chocolate,olive oil,light cream,chicken,green tea,french fries,sandwich,white wine,,,,,,,,
herb & pepper,frozen vegetables,ground beef,tomato sauce,spaghetti,mineral water,milk,french wine,eggs,whole wheat rice,chocolate,escalope,hot dogs,green tea,,,,,,
burgers,fresh tuna,shrimp,frozen vegetables,whole wheat pasta,yams,mineral water,olive oil,almonds,cake,chicken,extra dark chocolate,,,,,,,,
turkey,red wine,mineral water,chocolate,soup,light cream,rice,oil,chicken,barbecue sauce,,,,,,,,,,
frozen vegetables,parmesan cheese,whole wheat pasta,spaghetti,mineral water,chocolate,avocado,milk,olive oil,muffins,cake,,,,,,,,,
frozen vegetables,ground beef,spaghetti,pancakes,honey,whole wheat rice,green beans,french fries,frozen smoothie,mashed potato,,,,,,,,,,
burgers,shrimp,whole wheat pasta,spaghetti,mineral water,milk,olive oil,chicken,salmon,pancakes,cake,,,,,,,,,
turkey,chocolate,grated cheese,frozen vegetables,ground beef,spaghetti,milk,butter,bacon,whole wheat rice,,,,,,,,,,
burgers,soup,vegetables mix,pancakes,body spray,melons,protein bar,asparagus,mayonnaise,mint,green tea,,,,,,,,,
milk,olive oil,light cream,cooking oil,chicken,extra dark chocolate,cereals,french fries,frozen smoothie,pancakes,tomato juice,fresh bread,low fat yogurt,,,,,,,
burgers,parmesan cheese,chocolate,soup,milk,olive oil,energy bar,butter,almonds,fromage blanc,eggs,cake,pancakes,,,,,,,
herb & pepper,frozen vegetables,tomatoes,parmesan cheese,ground beef,fromage blanc,eggs,honey,cake,rice,cereals,french fries,champagne,,,,,,,
turkey,tomato sauce,milk,butter,bacon,salmon,cooking oil,chocolate,french fries,hot dogs,melons,protein bar,mint,,,,,,,
grated cheese,frozen vegetables,spaghetti,avocado,milk,blueberries,light cream,rice,green tea,chocolate,french fries,frozen smoothie,cookies,hot dogs,,,,,,
turkey,tomatoes,spaghetti,milk,cider,eggs,honey,cake,green tea,french fries,brownies,tomato juice,,,,,,,,
burgers,ham,grated cheese,mineral water,chocolate,olive oil,salmon,green grapes,honey,whole wheat rice,cake,green tea,,,,,,,,
chocolate,frozen vegetables,tomatoes,ground beef,tomato sauce,spaghetti,avocado,milk,olive oil,energy bar,whole wheat rice,cereals,green tea,,,,,,,
turkey,ham,frozen vegetables,whole wheat pasta,spaghetti,mineral water,olive oil,pancakes,cooking oil,ketchup,champagne,cookies,hot dogs,,,,,,,
shrimp,tomatoes,parmesan cheese,spaghetti,avocado,meatballs,milk,pancakes,light cream,oil,chicken,ketchup,protein bar,salt,,,,,,
ground beef,mineral water,chocolate,milk,olive oil,black tea,chicken,pancakes,whole wheat rice,oatmeal,champagne,frozen smoothie,fresh bread,mint,,,,,,
fresh tuna,avocado,vegetables mix,green grapes,honey,whole weat flour,french fries,cottage cheese,energy drink,tomato juice,low fat yogurt,green tea,oil,mineral water,salmon,antioxydant juice,frozen smoothie,spinach,cereals,
frozen vegetables,tomatoes,parmesan cheese,muffins,spinach,eggs,cake,french fries,champagne,hot dogs,cottage cheese,strawberries,energy drink,fresh bread,candy bars,,,,,
turkey,burgers,whole wheat pasta,mineral water,milk,whole wheat rice,cake,cooking oil,frozen smoothie,brownies,fresh bread,honey,,,,,,,,
grated cheese,herb & pepper,shrimp,ground beef,spaghetti,mineral water,eggs,light cream,rice,oil,brownies,melons,salad,,,,,,,
herb & pepper,shrimp,ground beef,chocolate,milk,olive oil,vegetables mix,rice,oil,frozen smoothie,brownies,white wine,,,,,,,,
red wine,tomatoes,spaghetti,chocolate,chicken,bacon,pancakes,cake,rice,cooking oil,eggplant,green tea,tea,toothpaste,,,,,,
burgers,frozen vegetables,tomatoes,spaghetti,mineral water,soup,avocado,milk,olive oil,chicken,whole wheat rice,protein bar,,,,,,,,
burgers,ham,tomatoes,spaghetti,milk,eggs,whole wheat rice,chocolate,french fries,frozen smoothie,low fat yogurt,,,,,,,,,
ground beef,spaghetti,pancakes,chicken,mint green tea,chocolate,french fries,escalope,mushroom cream sauce,brownies,yogurt cake,,,,,,,,,
grated cheese,red wine,milk,chicken,cider,salmon,rice,mint green tea,french fries,brownies,energy drink,melons,,,,,,,,
dessert wine,grated cheese,shrimp,frozen vegetables,ground beef,spaghetti,mineral water,soup,avocado,milk,salmon,whole wheat rice,gums,oil,clothes accessories,frozen smoothie,,,,
burgers,fresh tuna,ham,grated cheese,frozen vegetables,tomatoes,parmesan cheese,spaghetti,mineral water,chocolate,olive oil,vegetables mix,nonfat milk,muffins,pancakes,cake,french fries,protein bar,,
shrimp,whole wheat pasta,pepper,spaghetti,flax seed,black tea,oil,carrots,green tea,chocolate,french fries,escalope,salt,babies food,magazines,,,,,
burgers,chocolate,tomatoes,whole wheat pasta,spaghetti,avocado,milk,salmon,vegetables mix,whole wheat rice,gums,ketchup,corn,french fries,cookies,sparkling water,,,,
burgers,shrimp,spaghetti,avocado,milk,olive oil,french wine,chutney,honey,gums,cereals,chocolate,melons,hand protein bar,zucchini,,,,,
burgers,ground beef,spaghetti,avocado,milk,olive oil,almonds,pancakes,honey,cake,chocolate,frozen smoothie,sparkling water,,,,,,,
chocolate,shrimp,milk,butter,black tea,eggs,cooking oil,barbecue sauce,green tea,cauliflower,toothpaste,,,,,,,,,
burgers,ham,spaghetti,soup,almonds,pancakes,eggs,cake,cereals,chocolate,french fries,low fat yogurt,green tea,,,,,,,
burgers,shrimp,tomatoes,ground beef,tomato sauce,spaghetti,soup,milk,black tea,cereals,green tea,,,,,,,,,
red wine,mineral water,muffins,pancakes,honey,cake,cooking oil,whole weat flour,french fries,frozen smoothie,mushroom cream sauce,hot dogs,sparkling water,green tea,,,,,,
grated cheese,ground beef,almonds,salmon,spinach,barbecue sauce,chocolate,frozen smoothie,fresh bread,green tea,,,,,,,,,,
burgers,fresh tuna,shrimp,spaghetti,chocolate,french wine,chutney,pancakes,eggs,whole wheat rice,cooking oil,french fries,light mayo,,,,,,,
burgers,grated cheese,whole wheat pasta,spaghetti,mineral water,eggs,whole wheat rice,blueberries,cooking oil,whole weat flour,hand protein bar,,,,,,,,,
herb & pepper,tomato sauce,spaghetti,mineral water,avocado,milk,olive oil,bacon,pancakes,whole wheat rice,whole weat flour,cereals,french fries,frozen smoothie,,,,,,
spaghetti,chicken,honey,oatmeal,green tea,chocolate,french fries,frozen smoothie,cookies,mushroom cream sauce,magazines,,,,,,,,,
burgers,herb & pepper,red wine,milk,black tea,chicken,pancakes,eggs,cake,mint green tea,,,,,,,,,,
turkey,burgers,chocolate,spaghetti,vegetables mix,bug spray,chicken,chili,green tea,strawberries,babies food,tomato juice,fresh bread,,,,,,,
turkey,shrimp,frozen vegetables,tomatoes,spaghetti,mineral water,soup,milk,olive oil,pancakes,chicken,chocolate,hot dogs,light mayo,tomato juice,,,,,
grated cheese,red wine,tomatoes,tomato sauce,spaghetti,mineral water,chocolate,almonds,fromage blanc,eggs,cake,blueberries,cooking oil,,,,,,,
burgers,fresh tuna,tomatoes,mineral water,meatballs,milk,french wine,cider,eggs,cake,cooking oil,hot dogs,green tea,,,,,,,
grated cheese,frozen vegetables,mineral water,soup,vegetables mix,pancakes,cooking oil,carrots,french fries,escalope,mint,,,,,,,,,
burgers,grated cheese,herb & pepper,red wine,parmesan cheese,ground beef,spaghetti,avocado,eggs,clothes accessories,fresh bread,,,,,,,,,
turkey,burgers,shrimp,ground beef,spaghetti,mineral water,milk,olive oil,salmon,honey,whole wheat rice,rice,burger sauce,french fries,hot dogs,protein bar,,,,
red wine,ground beef,salmon,eggs,whole wheat rice,cooking oil,french fries,frozen smoothie,champagne,cauliflower,low fat yogurt,honey,,,,,,,,
turkey,burgers,spaghetti,mineral water,chocolate,soup,avocado,milk,whole wheat rice,cake,brownies,pancakes,white wine,,,,,,,
burgers,ham,grated cheese,ground beef,spaghetti,almonds,cooking oil,cereals,green tea,shampoo,,,,,,,,,,
herb & pepper,ground beef,spaghetti,cooking oil,hot dogs,brownies,yogurt cake,cauliflower,low fat yogurt,,,,,,,,,,,
fresh tuna,frozen vegetables,tomatoes,parmesan cheese,whole wheat pasta,spaghetti,soup,avocado,milk,eggs,cooking oil,honey,yogurt cake,protein bar,fresh bread,magazines,,,,
turkey,grated cheese,frozen vegetables,mineral water,olive oil,salmon,nonfat milk,cooking oil,low fat yogurt,,,,,,,,,,,
